cell_y,cell_x,relative_forward,relative_lateral,local_activity,radius,actual_removed_fraction,final_mass,final_mass_ratio,survived,extinction_step
98,3,-9.340950517899492,1.347865097385177,0.23125839233398438,2.8499999999999996,0.05047639868065801,70.90715789794922,0.9914205434605206,True,
98,4,-8.963002684760445,2.2736919901818267,0.14966212213039398,3.0499999999999994,0.05017695855828178,71.187744140625,0.9953436870957728,True,
98,10,-6.695315685926162,7.828653346961724,0.4220857620239258,4.1499999999999995,0.050922325313594405,70.92823028564453,0.9917151765932004,True,
99,0,-9.548967124519983,-1.8075634141438188,0.1527535617351532,3.0499999999999994,0.04724589825769625,70.93939971923828,0.9918713470878576,True,
99,1,-9.171019291380937,-0.8817365213471695,0.2779981195926666,2.2499999999999996,0.05146080483275143,71.06922912597656,0.9936866157405778,True,
99,2,-8.793071458241888,0.04409037144948025,0.18103356659412384,2.05,0.043819211317667216,70.9205551147461,0.9916078627150411,True,
99,3,-8.415123625102842,0.96991726424613,0.41026851534843445,2.05,0.04415971753301822,70.8570327758789,0.9907196963635956,True,
99,4,-8.037175791963795,1.8957441570427795,0.36427944898605347,2.2499999999999996,0.05317506003070073,70.82066345214844,0.9902111821914432,True,
99,5,-7.659227958824748,2.821571049839429,0.1999456286430359,2.8499999999999996,0.04914992287481719,71.12512969970703,0.99446821493071,True,
99,6,-7.281280125685701,3.747397942636079,0.18356335163116455,3.0499999999999994,0.04436125440962966,71.29501342773438,0.9968435212179592,True,
99,7,-6.903332292546653,4.673224835432729,0.1733243465423584,3.1999999999999993,0.05071412132228619,71.51605987548828,0.9999341822437134,True,
99,8,-6.525384459407606,5.599051728229378,0.19199734926223755,3.1999999999999993,0.0458269995743714,71.01136016845703,0.9928774947009772,True,
99,9,-6.14743662626856,6.524878621026028,0.17458558082580566,3.0499999999999994,0.049174797879750855,70.95342254638672,0.9920674135968603,True,
99,10,-5.769488793129512,7.450705513822677,0.36444488167762756,3.1999999999999993,0.047003781987482895,71.06500244140625,0.9936275184359056,True,
100,0,-8.623140231723333,-2.185511247282866,0.24436655640602112,2.8499999999999996,0.052827276659658196,71.06967163085938,0.9936928028230164,True,
100,1,-8.245192398584287,-1.2596843544862169,0.43217650055885315,2.05,0.04375963064717949,70.8726806640625,0.990938484399485,True,
100,2,-7.8672445654452385,-0.3338574616895671,0.3061240613460541,2.05,0.05412739069398797,70.97361755371094,0.9923497792384982,True,
100,3,-7.489296732306192,0.5919694311070827,0.3638782501220703,2.05,0.05073765623716581,71.11929321289062,0.9943866094468214,True,
100,4,-7.111348899167145,1.5177963239037322,0.3977102041244507,2.05,0.04387223154729331,71.02742767333984,0.9931021497977998,True,
100,9,-5.22160973347191,6.14693078788698,0.11195635795593262,3.1999999999999993,0.04987201139916602,70.93270874023438,0.9917777941344325,True,
100,10,-4.8436619003328625,7.07275768068363,0.2460574060678482,2.8499999999999996,0.051490156805203975,71.22679138183594,0.9958896437840623,True,
100,11,-4.465714067193815,7.998584573480279,0.649719774723053,3.0499999999999994,0.048141705122584234,71.14407348632812,0.9947330860633835,True,
101,0,-7.6973133389266835,-2.563459080421913,0.19782555103302002,2.2499999999999996,0.05025772065216116,70.93370056152344,0.9917916617330018,True,
101,1,-7.319365505787636,-1.6376321876252637,0.413313627243042,2.05,0.04449063977099261,71.02996826171875,0.9931376721849041,True,
101,2,-6.941417672648589,-0.711805294828614,0.31955206394195557,2.05,0.04903087487479159,71.29530334472656,0.9968475748236948,True,
101,3,-6.563469839509542,0.21402159796803577,0.16900616884231567,2.05,0.05037423514860199,71.2365493774414,0.9960260796192171,True,
101,4,-6.185522006370495,1.1398484907646853,0.2799137830734253,2.05,0.04150459910906013,71.00899505615234,0.9928444258120812,True,
101,5,-5.8075741732314485,2.065675383561335,0.14618933200836182,2.2499999999999996,0.05504938598540489,71.0455322265625,0.9933552868086069,True,
101,11,-3.539887174397166,7.620636740341233,0.75249844789505,2.8499999999999996,0.050805184108372085,71.04796600341797,0.9933893157620192,True,
101,127,-8.07526117206573,-3.489285973218563,0.1495739072561264,3.0499999999999994,0.045882743320351124,71.01972961425781,0.992994515898135,True,
102,0,-6.771486446130034,-2.94140691356096,0.10480045527219772,2.2499999999999996,0.046107868448759755,71.07518768310547,0.9937699280058286,True,
102,1,-6.393538612990986,-2.015580020764311,0.21371056139469147,2.2499999999999996,0.05704331331065447,71.00577545166016,0.9927994094536486,True,
102,2,-6.015590779851939,-1.089753127967661,0.27806732058525085,2.05,0.0424752576706488,70.9909896850586,0.9925926755611311,True,
102,4,-5.259695113573845,0.7619006576256382,0.210464209318161,2.05,0.04430971427946625,71.14251708984375,0.9947113246010132,True,
102,5,-4.881747280434799,1.6877275504222877,0.2699010968208313,2.05,0.03925444456534146,71.19160461425781,0.9953976640563579,True,
102,12,-2.2361124484614687,8.168515799998834,0.6210501790046692,3.0499999999999994,0.049000312821021574,71.21244812011719,0.9956890969739833,True,
102,126,-7.527382112408128,-4.7930606991542595,0.15090306103229523,3.6499999999999995,0.05782753267686255,71.03778076171875,0.9932469061920961,True,
102,127,-7.14943427926908,-3.8672338063576097,0.16677182912826538,3.1999999999999993,0.053581173988225345,71.13874053955078,0.9946585210526148,True,
103,2,-5.089763887055289,-1.467700961106708,0.2741212844848633,2.05,0.042734165069225984,71.27019500732422,0.9964965112322215,True,
103,3,-4.711816053916243,-0.5418740683100582,0.2303134799003601,2.05,0.05453879834058182,70.78495788574219,0.9897119486429488,True,
103,4,-4.3338682207771955,0.3839528244865913,0.27395105361938477,1.4499999999999997,0.04199093512417368,71.27088928222656,0.99650621855122,True,
103,5,-3.9559203876381486,1.3097797172832408,0.4529799222946167,1.4499999999999997,0.04448946302524863,70.92375946044922,0.9916526657258035,True,
103,6,-3.5779725544991017,2.2356066100798904,0.387210875749588,2.05,0.0489211008313092,71.03496551513672,0.9932075435469263,True,
103,12,-1.310285555664819,7.790567966859788,0.6495986580848694,3.1999999999999993,0.05531825405333905,71.15193939208984,0.9948430667874214,True,
103,123,-7.73539871902862,-7.948489210683256,0.19663727283477783,4.499999999999999,0.050729068993436356,70.92879486083984,0.9917230704570014,True,
103,125,-6.979503052750525,-6.096835425089957,0.10462334007024765,3.6499999999999995,0.04565826156851074,71.25129699707031,0.9962322801425589,True,
103,126,-6.601555219611479,-5.171008532293307,0.16595354676246643,3.1999999999999993,0.04366999462363871,71.16162872314453,0.99497854255806,True,
104,2,-4.1639369942586395,-1.8456487942457551,0.364896684885025,2.05,0.04900732662568258,71.27326965332031,0.9965395007877863,True,
104,3,-3.785989161119593,-0.9198219014491054,0.4917435348033905,1.4499999999999997,0.05078402268632452,71.06437683105469,0.9936187711814234,True,
104,4,-3.4080413279805457,0.006004991347544175,0.3825652301311493,1.4499999999999997,0.05915216835904706,71.21420288085938,0.9957136319560674,True,
104,5,-3.030093494841499,0.9318318841441937,0.6133024096488953,1.0499999999999998,0.037306030298569395,70.88516235351562,0.9911130027937878,True,
104,6,-2.652145661702452,1.8576587769408435,0.5915459394454956,1.4499999999999997,0.05939481799843616,71.14452362060547,0.9947393798196572,True,
104,7,-2.2741978285634046,2.783485669737493,0.12843775749206543,2.05,0.05705471407678596,70.961181640625,0.9921759008872063,True,
104,12,-0.3844586628681692,7.412620133720742,0.23715020716190338,3.1999999999999993,0.05061894492643239,71.18840789794922,0.9953529677194307,True,
104,13,-0.006510829729122314,8.338447026517391,0.20829135179519653,3.6499999999999995,0.05061894159287504,71.18840789794922,0.9953529677194307,True,
104,124,-6.431623993092922,-7.400610151025653,0.14945289492607117,3.6499999999999995,0.0486377351224669,71.3791275024414,0.9980196002504702,True,
104,125,-6.053676159953875,-6.474783258229003,0.18723854422569275,3.1999999999999993,0.048637731788909545,71.3791275024414,0.9980196002504702,True,
105,2,-3.2381101014619906,-2.2235966273848025,0.45653092861175537,2.05,0.05465306601936983,70.90618896484375,0.9914069958834567,True,
105,3,-2.8601622683229433,-1.2977697345881525,0.6190546751022339,1.0499999999999998,0.039702964705894905,71.176025390625,0.995179836084985,True,
105,4,-2.4822144351838964,-0.37194284179150294,0.5389354825019836,1.0499999999999998,0.040803241977860914,71.09640502929688,0.9940665879413764,True,
105,5,-2.1042666020448495,0.5538840510051466,0.6277626156806946,1.0499999999999998,0.045596544087762696,71.0665283203125,0.9936488532029353,True,
105,6,-1.7263187689058022,1.4797109438017961,0.7815453410148621,1.0499999999999998,0.05046013425435523,70.95481872558594,0.9920869349086925,True,
105,7,-1.3483709357667553,2.405537836598446,0.6651780605316162,1.4499999999999997,0.06086715027249831,69.90680694580078,0.9774336835435341,True,
105,13,0.9193160630675272,7.960499193378344,0.3367602229118347,4.1499999999999995,0.051175482325745626,71.00543212890625,0.992794609131067,True,
105,124,-5.505797100296273,-7.7785579841647,0.6165902614593506,3.1999999999999993,0.05458556815017969,70.66578674316406,0.988045703337931,True,
105,125,-5.1278492671572256,-6.85273109136805,0.2127632200717926,3.0499999999999994,0.05544781275968412,71.46500396728516,0.9992203209389005,True,
106,2,-2.312283208665341,-2.6015444605238494,0.33225834369659424,1.4499999999999997,0.04291276040416583,71.10984802246094,0.9942545472389078,True,
106,3,-1.934335375526294,-1.6757175677271996,0.7333218455314636,1.0499999999999998,0.04564573072643815,71.10321044921875,0.9941617410023287,True,
106,4,-1.5563875423872469,-0.7498906749305501,0.7499610781669617,1.0499999999999998,0.051447517273160756,71.50113677978516,0.9997255282221632,True,
106,5,-1.1784397092481997,0.1759362178660996,0.6995540857315063,1.0499999999999998,0.052757288623128805,0.0,0.0,False,60
106,6,-0.8004918761091527,1.1017631106627492,0.9429153800010681,1.0499999999999998,0.058792244172141704,0.0,0.0,False,60
106,7,-0.4225440429701056,2.027590003459399,0.9133768081665039,1.0499999999999998,0.053854799042495655,0.0,0.0,False,40
106,8,-0.04459620983105861,2.9534168962560483,0.33026620745658875,1.4499999999999997,0.053225973452082645,70.00727844238281,0.9788384712786032,True,
106,13,1.8451429558641768,7.582551360239297,0.3034006655216217,4.049999999999999,0.04680380188215315,71.31100463867188,0.9970671095764302,True,
106,124,-4.579970207499623,-8.156505817303747,0.4314032793045044,2.8499999999999996,0.04804304182574402,70.75684356689453,0.989318855560427,True,
106,125,-4.202022374360576,-7.230678924507098,0.2300519347190857,2.2499999999999996,0.04804304182574402,70.75684356689453,0.989318855560427,True,
107,3,-1.0085084827296442,-2.0536654008662465,0.8300215601921082,1.0499999999999998,0.04835066249785319,70.87788391113281,0.9910112359550561,True,
107,4,-0.6305606495905971,-1.127838508069597,0.9577932357788086,1.0499999999999998,0.05999411160429981,71.27825927734375,0.9966092654759733,True,
107,5,-0.25261281645155004,-0.20201161527294745,0.7530486583709717,1.0499999999999998,0.05639296960755763,0.0,0.0,False,30
107,6,0.12533501668749703,0.7238152775237021,0.8674745559692383,1.0499999999999998,0.058823259589711095,0.0,0.0,False,50
107,7,0.5032828498265441,1.6496421703203519,1.0,1.0499999999999998,0.06328834631020538,0.0,0.0,False,140
107,8,0.8812306829655911,2.5754690631170014,0.8101522922515869,1.0499999999999998,0.045136646515979206,70.92816925048828,0.9917143232025192,True,
107,13,2.7709698486608265,7.204603527100249,0.2538161277770996,4.049999999999999,0.04959713959444741,71.0320053100586,0.9931661540988888,True,
107,125,-3.2761954815639265,-7.608626757646145,0.6753602623939514,2.2499999999999996,0.049365954058779415,71.02360534667969,0.9930487062063904,True,
108,3,-0.08268158993299446,-2.431613234005294,0.8389735221862793,1.0499999999999998,0.04556910891078547,71.2605972290039,0.9963623155476048,True,
108,4,0.29526624320605255,-1.505786341208644,1.0,1.0499999999999998,0.0636481571561609,70.3929443359375,0.9842308336453544,True,
108,5,0.6732140763450996,-0.5799594484119945,0.7553979754447937,1.0499999999999998,0.055056113104133934,0.0,0.0,False,50
108,6,1.0511619094841467,0.34586744438465505,0.643646240234375,1.0499999999999998,0.053012035742135206,0.0,0.0,False,40
108,7,1.4291097426231938,1.2716943371813048,0.9354274272918701,1.0499999999999998,0.06038799140635584,0.0,0.0,False,40
108,8,1.807057575762241,2.197521229977954,1.0,1.0499999999999998,0.057143373368023664,0.0,0.0,False,40
108,9,2.185005408901288,3.123348122774604,0.42439955472946167,1.4499999999999997,0.05865716842838505,0.0,0.0,False,40
108,12,3.3188489083184294,5.900828801164553,0.15436412394046783,3.0499999999999994,0.05071022439374592,71.8504638671875,1.0046098031121025,True,
108,13,3.6967967414574763,6.826655693961203,0.22006355226039886,3.6499999999999995,0.053528287100893183,71.23373413085938,0.9959867169740473,True,
108,125,-2.3503685887672767,-7.9865745907851915,0.8440461158752441,3.0499999999999994,0.04764059144774529,70.79521942138672,0.9898554249512234,True,
109,3,0.8431453028636552,-2.8095610671443407,0.5901424884796143,1.0499999999999998,0.03889753391427904,70.98532104492188,0.9925134169016158,True,
109,4,1.2210931360027022,-1.8837341743476912,1.0,1.0499999999999998,0.060452429069900164,0.0,0.0,False,50
109,5,1.5990409691417493,-0.9579072815510417,0.7855624556541443,1.0499999999999998,0.05584067582674889,0.0,0.0,False,50
109,6,1.9769888022807964,-0.03208038875439201,0.589515209197998,1.0499999999999998,0.047787711334201656,0.0,0.0,False,30
109,7,2.3549366354198433,0.8937465040422576,0.7399217486381531,1.0499999999999998,0.054101382279555854,0.0,0.0,False,60
109,8,2.7328844685588907,1.8195733968389072,0.9169588088989258,1.0499999999999998,0.056658787470518016,0.0,0.0,False,60
109,9,3.1108323016979376,2.745400289635557,0.6168543100357056,1.0499999999999998,0.03972970650294366,71.25668334960938,0.9963075918701737,True,
109,10,3.4887801348369845,3.6712271824322062,0.2601415514945984,1.4499999999999997,0.039942257453034175,70.9994888305664,0.9927115102134864,True,
109,11,3.866727967976032,4.597054075228856,0.17715191841125488,2.05,0.03967577287860411,70.95899200439453,0.9921452854965187,True,
109,12,4.244675801115079,5.522880968025506,0.2073391228914261,2.8499999999999996,0.048005585975377546,71.10899353027344,0.9942425997693711,True,
109,13,4.622623634254126,6.4487078608221555,0.16602392494678497,3.1999999999999993,0.04870389623516034,71.08749389648438,0.993941992901923,True,
109,125,-1.4245416959706272,-8.364522423924239,0.30694639682769775,3.1999999999999993,0.0514067145312165,70.94485473632812,0.9919476188799887,True,
109,126,-1.0465938628315803,-7.438695531127589,0.2088911235332489,3.1999999999999993,0.04906924745342887,71.01506805419922,0.9929293381848594,True,
110,3,1.7689721956603046,-3.1875089002833876,0.35286542773246765,1.4499999999999997,0.05271067549072631,0.0,0.0,False,40
110,4,2.146920028799352,-2.2616820074867383,0.9478991627693176,1.0499999999999998,0.05342386341695495,0.0,0.0,False,60
110,5,2.524867861938399,-1.3358551146900888,0.8632922768592834,1.0499999999999998,0.05692183848087925,70.90843963623047,0.9914384646648254,True,
110,6,2.9028156950774457,-0.4100282218934391,0.6591680645942688,1.0499999999999998,0.04913984886451036,0.0,0.0,False,60
110,7,3.280763528216493,0.5157986709032105,0.6875489950180054,1.0499999999999998,0.049366850785706136,0.0,0.0,False,40
110,8,3.65871136135554,1.44162556369986,0.778545081615448,1.0499999999999998,0.05104435018033212,71.1826400756836,0.9952723223000586,True,
110,9,4.036659194494587,2.36745245649651,0.6231449246406555,1.0499999999999998,0.040803198641615385,71.37339782714844,0.9979394882002737,True,
110,10,4.414607027633634,3.293279349293159,0.3660471737384796,1.4499999999999997,0.04892251425962491,71.35487365722656,0.9976804841285334,True,
110,11,4.792554860772681,4.219106242089809,0.2655394673347473,2.05,0.04592277267699056,70.97209167480469,0.9923284444714685,True,
110,12,5.170502693911729,5.144933134886458,0.2237396240234375,2.8499999999999996,0.05142033544654201,71.02806091308594,0.993111003726117,True,
110,126,-0.12076697003493075,-7.816643364266636,0.49782922863960266,3.1999999999999993,0.048832698223987316,71.4637680053711,0.9992030397776064,True,
111,3,2.6947990884569544,-3.565456733422435,0.22214201092720032,1.4499999999999997,0.04082284329506943,71.35606384277344,0.9976971252468166,True,
111,4,3.0727469215960017,-2.639629840625785,0.6568589210510254,1.0499999999999998,0.04310840355138532,70.7065200805664,0.9886152349437882,True,
111,5,3.4506947547350486,-1.7138029478291357,0.8151718974113464,1.0499999999999998,0.051254677647671255,0.0,0.0,False,50
111,6,3.8286425878740955,-0.787976055032486,0.7149953246116638,1.0499999999999998,0.04869829585881504,0.0,0.0,False,80
111,7,4.206590421013143,0.13785083776416363,0.6655709147453308,1.0499999999999998,0.04597522953542478,71.0035171508789,0.9927678339984447,True,
111,8,4.584538254152189,1.0636777305608132,0.6445333957672119,1.0499999999999998,0.043929125370558236,71.09587860107422,0.9940592274467511,True,
111,9,4.962486087291237,1.989504623357463,0.5336847305297852,1.0499999999999998,0.03644397903539118,70.86763000488281,0.9908678663206167,True,
111,10,5.340433920430284,2.9153315161541125,0.3793931007385254,1.4499999999999997,0.047478077193454066,71.26494598388672,0.9964231196336394,True,
111,11,5.71838175356933,3.841158408950762,0.27701857686042786,2.05,0.04322050108433954,70.8621826171875,0.9907917012023209,True,
111,12,6.096329586708379,4.766985301747412,0.17132335901260376,2.8499999999999996,0.04861527694661081,71.04740142822266,0.9933814218982182,True,
111,126,0.805059922761719,-8.194591197405684,0.2364613115787506,3.6499999999999995,0.046604145131886196,71.26146697998047,0.9963744763648117,True,
111,127,1.1830077559007663,-7.268764304609033,0.2456578016281128,3.6499999999999995,0.05258914065691881,71.17582702636719,0.995177062565271,True,
112,0,2.486782481836463,-6.720885244951431,0.19031688570976257,3.1999999999999993,0.045810695145380435,70.98799133300781,0.9925507527439177,True,
112,3,3.620625981253604,-3.943404566561482,0.20880241692066193,2.05,0.05123655976348277,71.3163070678711,0.9971412478918583,True,
112,4,3.9985738143926515,-3.0175776737648325,0.4410742521286011,1.4499999999999997,0.05532814138443437,71.09803771972656,0.9940894161420981,True,
112,5,4.376521647531698,-2.091750780968183,0.6154553294181824,1.0499999999999998,0.040965812902627054,71.17789459228516,0.9952059711745963,True,
112,6,4.754469480670745,-1.165923888171533,0.6280331611633301,1.0499999999999998,0.04175797280243899,71.04219055175781,0.9933085636688119,True,
112,7,5.132417313809793,-0.2400969953748835,0.575534999370575,1.0499999999999998,0.03942357259741188,71.08995056152344,0.9939763418768408,True,
112,8,5.510365146948839,0.685729897421766,0.5195106267929077,1.4499999999999997,0.06238623235481424,71.03330993652344,0.9931843953246992,True,
112,9,5.888312980087886,1.6115567902184158,0.4257453382015228,1.4499999999999997,0.05161125160944149,70.98607635498047,0.9925239776112955,True,
112,10,6.266260813226934,2.537383683015065,0.31662654876708984,2.05,0.052590140724123324,69.8299789428711,0.9763594780235898,True,
112,11,6.64420864636598,3.463210575811715,0.20846840739250183,2.2499999999999996,0.05473304472727234,72.00920104980469,1.0068292589261998,True,
112,127,2.108834648697416,-7.6467121377480805,0.26422610878944397,4.1499999999999995,0.053023109819646544,70.7083740234375,0.9886411566857293,True,
113,0,3.4126093746331128,-7.098833078090477,0.21519064903259277,3.6499999999999995,0.050775062084172054,71.24140930175781,0.9960940308522066,True,
113,1,3.79055720777216,-6.173006185293828,0.2134159952402115,3.0499999999999994,0.045181559534134025,70.92658996582031,0.9916922417186435,True,
113,2,4.1685050409112065,-5.2471792924971785,0.19553279876708984,2.2499999999999996,0.047741381554173776,70.98819732666016,0.9925536329374667,True,
113,3,4.546452874050254,-4.321352399700529,0.23319563269615173,2.05,0.04443144912671465,71.01616668701172,0.9929446992171207,True,
113,4,4.924400707189301,-3.395525506903879,0.3342389166355133,1.4499999999999997,0.04299406920145034,71.27413940429688,0.9965516616049932,True,
113,5,5.302348540328348,-2.4696986141072297,0.4301716685295105,1.4499999999999997,0.05296432253580774,71.13700103759766,0.9946341994182009,True,
113,6,5.680296373467395,-1.54387172131058,0.4525434672832489,1.4499999999999997,0.05619082268995143,71.01866149902344,0.9929795815612142,True,
113,7,6.058244206606442,-0.6180448285139304,0.4309542179107666,1.4499999999999997,0.052956668688135845,70.9578628540039,0.9921294977689168,True,
113,8,6.436192039745489,0.30778206428271915,0.3687320351600647,1.4499999999999997,0.045882669982089466,71.32099914550781,0.9972068523004746,True,
113,9,6.814139872884536,1.233608957079369,0.2976447641849518,2.05,0.05152739264078546,69.93035125732422,0.9777628789988021,True,
113,10,7.1920877060235835,2.159435849876018,0.20540589094161987,2.2499999999999996,0.05854774774198159,71.44898986816406,0.9989964125589239,True,
114,1,4.71638410056881,-6.550954018432876,0.14247988164424896,3.1999999999999993,0.04441340791434518,70.90341186523438,0.9913681666074627,True,
114,2,5.094331933707856,-5.625127125636226,0.2109440416097641,3.0499999999999994,0.05083238260277757,71.03826904296875,0.9932537333175456,True,
114,3,5.472279766846904,-4.699300232839576,0.23226594924926758,2.2499999999999996,0.05207277595721099,71.02693176269531,0.9930952159985151,True,
114,4,5.850227599985951,-3.7734733400429263,0.27470651268959045,2.05,0.044032455647686194,71.20208740234375,0.9955442339058518,True,
114,5,6.228175433124997,-2.847646447246277,0.3050583600997925,2.05,0.05119577035576791,71.06120300292969,0.9935743948660016,True,
114,6,6.606123266264045,-1.9218195544496273,0.30676719546318054,2.05,0.052520806064834225,71.8858413696289,1.0051044496856856,True,
114,7,6.984071099403092,-0.9959926616529777,0.27429264783859253,2.05,0.048281614524496044,71.42070770263672,0.9986009726520289,True,
114,8,7.362018932542139,-0.07016576885632819,0.23113295435905457,2.05,0.040501065004901665,71.06282806396484,0.9935971163928883,True,
114,9,7.739966765681186,0.8556611239403216,0.15801623463630676,2.2499999999999996,0.05074752356691703,69.97694396972656,0.9784143361100532,True,
115,4,6.7760544927826,-4.151421173181974,0.13815444707870483,2.8499999999999996,0.04941606075928302,71.25761413574219,0.9963206060780618,True,
115,5,7.154002325921646,-3.225594280385324,0.15141558647155762,2.2499999999999996,0.045610665036690465,71.26143646240234,0.9963740496694711,True,
115,6,7.531950159060694,-2.299767387588674,0.14649051427841187,2.2499999999999996,0.046773869870721976,70.6741714477539,0.9881629378827591,True,
115,7,7.909897992199741,-1.3739404947920246,0.12476205825805664,2.8499999999999996,0.05300690206381869,71.01652526855469,0.9929497128873727,True,
